North Atlantic Fisheries College,Shetland Islands,Scotland
University of the Highlands and Islands,Orkney Islands,Scotland
Heriot-Watt University,Orkney Islands,Scotland
University of the Highlands and Islands,Orkney Islands,Scotland
Orkney College,Orkney Islands,Scotland
Lews Castle College,Na h-Eileanan an Iar,Scotland
The North Highland College,Highland,Scotland
Wick College,Highland,Scotland
Àrainn Ostaig Gaelic College,Highland,Scotland
Auchtertyre College Centre,Highland,Scotland
Highland Theological College,Highland,Scotland
Inverness College,Highland,Scotland
Inverness College,Highland,Scotland
UHI Millennium Institute,Highland,Scotland
Inverness Royal Academy,Highland,Scotland
Cantraybridge College,Highland,Scotland
Lighthouse Field Station University of Aberdeen,Highland,Scotland
North Highland College,Highland,Scotland
North Highland College,Highland,Scotland
Moray College Technology Centre,Moray,Scotland
Aberdeen University,Aberdeen City,Scotland
Old Aberdeen Campus,Aberdeen City,Scotland
Marischal College,Aberdeen City,Scotland
Garthdee Campus,Aberdeen City,Scotland
School of Medicine and Medical Sciences,Aberdeen City,Scotland
Ellon Academy Community Campus,Aberdeenshire,Scotland
Lews Castle College Barra Campus,Na h-Eileanan an Iar,Scotland
The Columba Centre,Argyll and Bute,Scotland
Argyll College Oban Centre,Argyll and Bute,Scotland
Lochaber College,Highland,Scotland
Institute of Sport and Exercise,Dundee City,Scotland
Abertay University,Dundee City,Scotland
Al-Maktoum College of Higher Education,Dundee City,Scotland
University of Dundee,Dundee City,Scotland
Parliament Hall,Fife,Scotland
University of St Andrews,Fife,Scotland
University of St Andrews,Fife,Scotland
University of St Andrews,Fife,Scotland
Eden Campus St Andrews University,Fife,Scotland
Old Burgh School,Fife,Scotland
University of the Highlands and Islands,Argyll and Bute,Scotland
Ayrshire College,South Ayrshire,Scotland
Ayr Campus,South Ayrshire,Scotland
Scottish Centre for Ecology and the Natural Environment,Stirling,Scotland
University of Glasgow,Glasgow City,Scotland
The High School of Glasgow,Glasgow City,Scotland
Glasgow Caledonian University,Glasgow City,Scotland
University of the West of Scotland,Renfrewshire,Scotland
Royal Conservatoire of Scotland,Glasgow City,Scotland
Riverside Campus,Glasgow City,Scotland
University of Strathclyde,Glasgow City,Scotland
Margaret MacDonald House,Glasgow City,Scotland
University of West Scotland,Renfrewshire,Scotland
Royal College of Physicians and Surgeons of Glasgow,Glasgow City,Scotland
Glasgow School of Art,Glasgow City,Scotland
Glasgow College of Building,Glasgow City,Scotland
University of the West of Scotland,Renfrewshire,Scotland
University of Glasgow,Glasgow City,Scotland
St Andrew's Building,Glasgow City,Scotland
University of the West of Scotland,South Lanarkshire,Scotland
Turnbull High School,East Dunbartonshire,Scotland
Power Networks Demonstration Centre,North Lanarkshire,Scotland
New College Lanarkshire,North Lanarkshire,Scotland
Kirkintilloch Campus,East Dunbartonshire,Scotland
Dornoch Street Campus,Glasgow City,Scotland
University of Stirling,Stirling,Scotland
Edinburgh Napier University,City of Edinburgh,Scotland
Edinburgh Campus,City of Edinburgh,Scotland
Royal College of Nursing Headquarters,City of Edinburgh,Scotland
Queen Margaret University,East Lothian,Scotland
Lauriston Campus,City of Edinburgh,Scotland
Napier University,City of Edinburgh,Scotland
University of Edinsburgh,City of Edinburgh,Scotland
Old College,City of Edinburgh,Scotland
Faculty of Health Studies,City of Edinburgh,Scotland
SRUC,City of Edinburgh,Scotland
Edinburgh College,City of Edinburgh,Scotland
The University of Edinburgh,City of Edinburgh,Scotland
The University of Edinburgh Easter Bush Campus,Midlothian,Scotland
Midlothian Campus,Midlothian,Scotland
New College,City of Edinburgh,Scotland
Craiglockhart Campus,City of Edinburgh,Scotland
University of Edinburgh,City of Edinburgh,Scotland
Merchiston Campus,City of Edinburgh,Scotland
University of Dundee School of Nursing and Midwifery Fife Campus,Fife,Scotland
Heriot-Watt University,Scottish Borders,Scotland
Berwick Academy,Northumberland,North East
St Benedict's Catholic High School,Cumbria,North West
University of Glasgow,Dumfries and Galloway,Scotland
Kelsick,Cumbria,North West
University of Cumbria Ambleside Campus,Cumbria,North West
University of Cumbria Newton Rigg Campus,Cumbria,North West
Ullswater Community College,Cumbria,North West
University of Cumbria,Cumbria,North West
University of Cumbria,Cumbria,North West
Hookergate School,,North East
Consett Academy,County Durham,North East
St Thomas More Roman Catholic School,,North East
Carmel Roman Catholic College,Darlington,North East
Teesside University,Darlington,North East
National Horizons Centre,Darlington,North East
University Technical College South Durham,County Durham,North East
College of St Hild and St Bede,County Durham,North East
University of Sunderland,,North East
Ustinov College,County Durham,North East
Collingwood College,County Durham,North East
Grey College,County Durham,North East
Durham University Business School,County Durham,North East
Durham University Science Park,County Durham,North East
Teikyo University of Japan,County Durham,North East
Van Mildert College,County Durham,North East
Durham University,County Durham,North East
St Mary's College,County Durham,North East
The Institute for Middle East and Islamic Studies,County Durham,North East
Durham University,County Durham,North East
Durham University,County Durham,North East
St Cuthbert's Society,County Durham,North East
John Snow College,County Durham,North East
Durham University,County Durham,North East
Josephine Butler College,County Durham,North East
Teikyo University of Japan,County Durham,North East
St Robert of Newminster Roman Catholic School and Sixth Form College,,North East
St Aidan's College,County Durham,North East
South College,County Durham,North East
University College,County Durham,North East
Durham University,County Durham,North East
University of Newcastle,,North East
Newcastle University Business School,,North East
Claude Gibb Hall,,North East
St Mary's College,,North East
Newcastle College,,North East
Newcastle University,,North East
Newcastle University,,North East
Churchill Community College,,North East
Newcastle University,,North East
Fenham Hall Studios,,North East
Northumbria University Coach Lane Campus,,North East
North East Futures University Technical College,,North East
Kenton School,,North East
Baddiley - Clark Building,,North East
St Benet Biscop Catholic Academy,Northumberland,North East
DUISC College,Stockton-on-Tees,North East
Infinity House,Stockton-on-Tees,North East
The Northern School of Art,Middlesbrough,North East
Nunthorpe Academy,Redcar and Cleveland,North East
Trinity Catholic College,Middlesbrough,North East
Durham University,Stockton-on-Tees,North East
University of Teesside,Middlesbrough,North East
Cleveland College of Art and Design,Hartlepool,North East
The Northern School of Art,Middlesbrough,North East
The English Martyrs School and Sixth Form College,Hartlepool,North East
The Northern School of Art,Hartlepool,North East
University of Sunderland,,North East
University of Sunderland,,North East
Freebrough Academy,Redcar and Cleveland,North East
Caedmon College Whitby (Normanby Site),North Yorkshire,Yorkshire and the Humber
Maricourt Roman Catholic High School,,North West
Christ the King Roman Catholic High School and Sixth Form Centre,,North West
The Deanery Church of England High School and Sixth Form College,,North West
Rainford High Technology College,,North West
Edge Hill University,Lancashire,North West
Wigan UTC Academy,,North West
Myerscough College,Lancashire,North West
University of Central Lancashire,Lancashire,North West
Carr Hill High School and Sixth Form Centre,Lancashire,North West
Art College,Lancashire,North West
Faraday Building,Lancashire,North West
Carnforth High School,Lancashire,North West
Ripley St Thomas Church of England Academy,Lancashire,North West
University of Cumbria,Lancashire,North West
University of Bolton,,North West
University of Bolton,,North West
Our Lady and St John Catholic Vocational Sixth Form,Blackburn with Darwen,North West
Moses Holden Telescope,Lancashire,North West
St Monica's RC Sixth Form College,,North West
University Campus Oldham,,North West
Holy Cross College,,North West
Bury College,,North West
Waterhead Academy,,North West
Manchester Creative and Media Academy,,North West
Crompton House Church of England School,,North West
The Greater Manchester University Technical College,,North West
University of Central Lancashire,Lancashire,North West
University of Central Lancashire,Lancashire,North West
Kirklees College Animal Care and Environmental Studies,,Yorkshire and the Humber
University of Huddersfield Queensgate Campus,,Yorkshire and the Humber
Kirklees College Engineering Centre,,Yorkshire and the Humber
Highfields Centre,,Yorkshire and the Humber
Ryburn Valley High School,,Yorkshire and the Humber
Phoenix Building,,Yorkshire and the Humber
Lister Building,,Yorkshire and the Humber
School of Management and School of Law,,Yorkshire and the Humber
City Campus,,Yorkshire and the Humber
Bradford College Advanced Technology Centre,,Yorkshire and the Humber
Calderdale College,,Yorkshire and the Humber
Brighouse High School Sixth Form Centre,,Yorkshire and the Humber
Phoenix NE Building,,Yorkshire and the Humber
The Wensleydale School,North Yorkshire,Yorkshire and the Humber
Barnsley College,,Yorkshire and the Humber
Shelley College,,Yorkshire and the Humber
Dental Hospital and Medical School,,Yorkshire and the Humber
Leeds College of Music School of Creative Arts,,Yorkshire and the Humber
Roundhay School Secondary Campus,,Yorkshire and the Humber
The Co-operative Academy of Leeds,,Yorkshire and the Humber
The University of Law,,Yorkshire and the Humber
City Campus,,Yorkshire and the Humber
University Technical College Leeds,,Yorkshire and the Humber
Leeds Trinity University College,,Yorkshire and the Humber
University of Leeds,,Yorkshire and the Humber
Leeds Beckett University,,Yorkshire and the Humber
James Graham Building,,Yorkshire and the Humber
Cloth Hall Court,,Yorkshire and the Humber
Leeds Arts University,,Yorkshire and the Humber
Allerton High School,,Yorkshire and the Humber
Cockburn School,,Yorkshire and the Humber
Temple Moor High School Science College,,Yorkshire and the Humber
Leeds College of Art,,Yorkshire and the Humber
Cockburn John Charles Academy,,Yorkshire and the Humber
Ripon Grammar School,North Yorkshire,Yorkshire and the Humber
Doncaster UTC,,Yorkshire and the Humber
Balby Carr Community Sports College,,Yorkshire and the Humber
X P School,,Yorkshire and the Humber
National College for High Speed Rail,,Yorkshire and the Humber
Thirsk School and Sixth Form College,North Yorkshire,Yorkshire and the Humber
Ash Hill Academy,,Yorkshire and the Humber
York St John University,York,Yorkshire and the Humber
The King's Manor,York,Yorkshire and the Humber
The University of York,York,Yorkshire and the Humber
The University of York Heslington East Campus,York,Yorkshire and the Humber
Humber University Technical College,North Lincolnshire,Yorkshire and the Humber
Cwod Santes Fair,Gwynedd - Gwynedd,Wales
Bangor University,Sir Ynys Mon - Isle of Anglesey,Wales
Bangor University,Gwynedd - Gwynedd,Wales
Bangor University Ffriddoedd Site,Gwynedd - Gwynedd,Wales
Bangor University,Gwynedd - Gwynedd,Wales
St Mary's Student Village,Gwynedd - Gwynedd,Wales
Bangor University,Gwynedd - Gwynedd,Wales
Plas Eirias,Conwy - Conwy,Wales
Llanfyllin High School,Powys - Powys,Wales
Wrexham University,Wrecsam - Wrexham,Wales
Glyndŵr University,Wrecsam - Wrexham,Wales
Prifysgol Glyndŵr,Wrecsam - Wrexham,Wales
Leahurst Campus,Cheshire West and Chester,North West
John Moores University,,North West
Brett Building,,North West
University of Liverpool,,North West
University of Liverpool,,North West
Notre Dame Catholic College,,North West
Liverpool John Moores University,,North West
Liverpool John Moores University,,North West
Liverpool John Moores University,,North West
Liverpool John Moores University,,North West
Aigburth Park,,North West
Liverpool John Moores University,,North West
Liverpool Hope University,,North West
Liverpool John Moores University,,North West
Kingsway Academy,,North West
Bellerive FCJ Catholic College,,North West
Calday Grange Grammar School,,North West
Redmonds Building,,North West
Alsop High School,,North West
Liverpool Life Sciences,,North West
Liverpool John Moores University,,North West
King's Leadership Academy,,North West
Everton Free School,,North West
Liverpool Institute for the Performing Arts,,North West
Greenbank Student Village,,North West
Liverpool John Moores University,,North West
University Centre Shrewsbury,Shropshire,West Midlands
Christleton Hall,Cheshire West and Chester,North West
University of Chester,Cheshire West and Chester,North West
University of Chester,Cheshire West and Chester,North West
Liverpool Hope University,,North West
Great Sankey High School,Warrington,North West
Cowley International College,,North West
St Francis Xavier's College,,North West
Telford Park School,Telford and Wrekin,West Midlands
University of Wolverhampton,Telford and Wrekin,West Midlands
Queen Mother Hall,Telford and Wrekin,West Midlands
The Manchester Metropolitan University,Cheshire East,North West
The Frances Webb Building,Cheshire East,North West
Malbank School and Sixth Form College,Cheshire East,North West
Sandbach School,Cheshire East,North West
Sandbach High School and Sixth Form College,Cheshire East,North West
University of Chester Warrington Campus,Warrington,North West
Ashton on Mersey School,,North West
Culcheth High School,Warrington,North West
Staffordshire University Academy,Staffordshire,West Midlands
Bloxwich Academy,,West Midlands
Moreton Community School,,West Midlands
Aldersley High School,,West Midlands
Weston Road Academy,Staffordshire,West Midlands
Staffordshire University,Staffordshire,West Midlands
Blessed William Howard Catholic High School,Staffordshire,West Midlands
North Staffordshire Medical Institute,City of Stoke-on-Trent,West Midlands
Keele University,City of Stoke-on-Trent,West Midlands
Keele University Medical School,City of Stoke-on-Trent,West Midlands
Stoke Campus,City of Stoke-on-Trent,West Midlands
Keele University,Staffordshire,West Midlands
The Manchester College Fielden Campus,,North West
University of Manchester,,North West
University of Salford Irwell Valley Campus,,North West
Castle Hill High School,,North West
UTC@MediaCityUK,,North West
MediaCityUK Campus,,North West
Manchester Northenden Campus,,North West
The Manchester College,,North West
Manchester Metropolitan University,,North West
The University of Law,,North West
Aviator House,,North West
University of Salford,,North West
Stockport College of Further and Higher Education,,North West
Audenshaw School,,North West
Hollings Faculty,,North West
Nicholls Sixth Form,,North West
School of Practical Philosophy,,North West
Royal Northern College of Music,,North West
Fallowfield Campus,,North West
Manchester Health Academy,,North West
The Manchester College Openshaw Campus,,North West
Staffordshire University,Staffordshire,West Midlands
University of Derby,Derbyshire,East Midlands
University of Derby Buxton Campus,Derbyshire,East Midlands
The Polesworth School,Warwickshire,West Midlands
Burton School of Health,Staffordshire,West Midlands
iHub,City of Derby,East Midlands
Abbot Beyne School,Staffordshire,West Midlands
Burton and South Derbyshire UTC,Staffordshire,West Midlands
Landau Forte College,City of Derby,East Midlands
Derby Manufacturing University Technical College,City of Derby,East Midlands
Britannia Mill,City of Derby,East Midlands
University of Derby,City of Derby,East Midlands
University of Derby,City of Derby,East Midlands
Derby College,City of Derby,East Midlands
Atwal Manor,City of Derby,East Midlands
St Helena Centre University of Derby Chesterfield Campus,Derbyshire,East Midlands
King Ecgbert School and Sixth Form,,Yorkshire and the Humber
Forge Valley School,,Yorkshire and the Humber
The Sheffield College,,Yorkshire and the Humber
Sheffield Springs Academy,,Yorkshire and the Humber
Crewe Hall,,Yorkshire and the Humber
UTC Sheffield,,Yorkshire and the Humber
Sheffield Hallam University,,Yorkshire and the Humber
Pam Liversidge Building,,Yorkshire and the Humber
Collegiate Campus,,Yorkshire and the Humber
Markfield Insitute of Higher Education,Leicestershire,East Midlands
Loughborough University,Leicestershire,East Midlands
University of Leicester International Study Centre,City of Leicester,East Midlands
De Montfort University,City of Leicester,East Midlands
Leicester College,City of Leicester,East Midlands
Stephenson College,Leicestershire,East Midlands
The Cedars Academy,Leicestershire,East Midlands
Loughborough University School of Art and Design,Leicestershire,East Midlands
Vijay Patel Building,City of Leicester,East Midlands
University of Leicester,City of Leicester,East Midlands
Loughborough College,Leicestershire,East Midlands
Castle College,Nottinghamshire,East Midlands
University of Nottingham Department of Agricultural Economics,Nottinghamshire,East Midlands
Wilsthorpe Community School,Derbyshire,East Midlands
University of Nottingham,City of Nottingham,East Midlands
Centre for Dairy Science Innovation,Nottinghamshire,East Midlands
Albion House,Nottinghamshire,East Midlands
University of Nottingham,City of Nottingham,East Midlands
Sutton Bonington Campus,Nottinghamshire,East Midlands
Focus School Long Eaton Campus,Derbyshire,East Midlands
King's Meadow Campus,City of Nottingham,East Midlands
Nottingham University Academy of Science and Technology,City of Nottingham,East Midlands
Nottingham Trent University,City of Nottingham,East Midlands
The Nottingham Trent University,City of Nottingham,East Midlands
Confetti,City of Nottingham,East Midlands
The Nottingham Trent University,City of Nottingham,East Midlands
Djanogly City Academy,City of Nottingham,East Midlands
Samworth Church Academy,Nottinghamshire,East Midlands
Queen Elizabeth's Academy,Nottinghamshire,East Midlands
University Centre Rotherham,,Yorkshire and the Humber
University of Leicester,Leicestershire,East Midlands
University of Leicester,City of Leicester,East Midlands
Brooksby Melton College,Leicestershire,East Midlands
Nottingham Trent University,Nottinghamshire,East Midlands
The Dukeries Academy,Nottinghamshire,East Midlands
University of Evansville,Lincolnshire,East Midlands
Newark College,Nottinghamshire,East Midlands
Showground Campus,Lincolnshire,East Midlands
Bishop Grosseteste University,Lincolnshire,East Midlands
University of Lincoln,Lincolnshire,East Midlands
Lincoln School of Art and Design,Lincolnshire,East Midlands
University of Lincoln,Lincolnshire,East Midlands
Trinity Saint David,Sir Gaerfyrddin - Carmarthenshire,Wales
Carmarthen School of Art,Sir Gaerfyrddin - Carmarthenshire,Wales
Cynefin,Sir Gaerfyrddin - Carmarthenshire,Wales
University of Wales Trinity St David,Sir Ceredigion - Ceredigion,Wales
Prifysgol Aberystwyth,Sir Ceredigion - Ceredigion,Wales
Prifysgol Aberystwyth,Sir Ceredigion - Ceredigion,Wales
Aberystwyth University School of Art,Sir Ceredigion - Ceredigion,Wales
Ysgol Gymraeg Ystalyfera,Castell-nedd Port Talbot - Neath Port Talbot,Wales
Aberystwyth University,Sir Ceredigion - Ceredigion,Wales
Llanbadarn Centre,Sir Ceredigion - Ceredigion,Wales
The Robert Owen Academy,County of Herefordshire,West Midlands
John Kyrle High School and Sixth Form Centre,County of Herefordshire,West Midlands
Hartpury University,Gloucestershire,South West
Regents Theological College,Worcestershire,West Midlands
Oxstalls Campus,Gloucestershire,South West
Gloucester Academy,Gloucestershire,South West
Gloucestershire University Pittville Campus,Gloucestershire,South West
Cheltenham Bournside School and Sixth Form Centre,Gloucestershire,South West
University of Gloucestershire Francis Close Hall,Gloucestershire,South West
General Hospital School of Nursing,Gloucestershire,South West
University of Gloucestershire,Gloucestershire,South West
Hardwick Building University of Gloucestershire,Gloucestershire,South West
Riverside,Worcestershire,West Midlands
Pershore College,Worcestershire,West Midlands
University of Worcester,Worcestershire,West Midlands
Colmers School and Sixth Form College,,West Midlands
The Stourport High School and VIth Form College,Worcestershire,West Midlands
Waseley Hills High School and Sixth Form Centre,Worcestershire,West Midlands
University of Worcester Lakeside Campus,Worcestershire,West Midlands
Hagley Catholic High School,Worcestershire,West Midlands
St Edmund's Catholic Academy,,West Midlands
St Matthias School,,West Midlands
Black Country and Marches Institute of Technology,,West Midlands
Alexandra College of Enterprise,,West Midlands
Highfields School,,West Midlands
SWB Academy,,West Midlands
City Campus Wulfruna,,West Midlands
Smestow School,,West Midlands
Royal Agricultural University Cirencester,Gloucestershire,South West
Royal Agricultural University,Gloucestershire,South West
Kingsley College,Worcestershire,West Midlands
St Thomas Aquinas Roman Catholic School,,West Midlands
Heart of Worcestershire College,Worcestershire,West Midlands
Arden School,,West Midlands
Birmingham City University School of Jewellery,,West Midlands
Hillcrest School and Sixth Form Centre,,West Midlands
Birmingham City University North City Campus,,West Midlands
London School of Science and Technology,,West Midlands
King's Norton Girls School and Sixth Form,,West Midlands
University College Birmingham,,West Midlands
Health Futures University Technical College,,West Midlands
Birmingham City University,,West Midlands
Heartlands Academy,,West Midlands
Aston University,,West Midlands
University of Birmingham School,,West Midlands
Harborne Academy,,West Midlands
Birmingham Metropolitan College,,West Midlands
University of Birmingham,,West Midlands
Birmingham Energy Innovation Centre,,West Midlands
University of Wolverhampton Walsall Campus,,West Midlands
Birmingham Ormiston Academy,,West Midlands
The Streetly School,,West Midlands
Birmingham City University Westbourne Campus,,West Midlands
South and City College Birmingham Fusion Building,,West Midlands
Bournville School and Sixth Form Centre,,West Midlands
City Hasanat College,,West Midlands
Richmond House,,West Midlands
The University of Law Birmingham,,West Midlands
Newman University,,West Midlands
University of Birmingham,,West Midlands
Waverley Studio College,,West Midlands
Swanshurst School,,West Midlands
George Dixon Academy,,West Midlands
Handsworth Wood Girls Visual and Performing Arts Specialist College and Sixth Form Centre,,West Midlands
Selly Oak Campus,,West Midlands
Birmingham School of Art,,West Midlands
South and City College Birmingham Digbeth Centre,,West Midlands
Handsworth Grammar School,,West Midlands
Academy of Music and Sound,,West Midlands
University College Birmingham,,West Midlands
Lordswood Girls School and the Sixth Form Centre,,West Midlands
University of Roehampton Birmingham Centre,,West Midlands
Aston University Engineering Academy,,West Midlands
Common Leys Farm Campus,Oxfordshire,South East
Wellesbourne Campus,Warwickshire,West Midlands
The University of Warwick,,West Midlands
Heart of England School,,West Midlands
Wmg Academy for Young Engineers,,West Midlands
Quadrant Hall,,West Midlands
Coventry University,,West Midlands
North Leamington School,Warwickshire,West Midlands
Bishop Ullathorne Roman Catholic School,,West Midlands
Coventry University,,West Midlands
Ernesford Grange Community Academy,,West Midlands
Coventry University,,West Midlands
St Thomas More School and Sixth Form College,Warwickshire,West Midlands
Etone Technology Language Vocational College,Warwickshire,West Midlands
Wadham College,Oxfordshire,South East
Ruskin School of Art,Oxfordshire,South East
Pembroke College,Oxfordshire,South East
Stroud Court,Oxfordshire,South East
St Stephen's House,Oxfordshire,South East
Westminster Institute of Education,Oxfordshire,South East
Exeter College,Oxfordshire,South East
University of Oxford,Oxfordshire,South East
Marston Road Site,Oxfordshire,South East
New College,Oxfordshire,South East
Christ Church,Oxfordshire,South East
University College,Oxfordshire,South East
Oxford University Ewert House,Oxfordshire,South East
Mansfield College,Oxfordshire,South East
Old School House,Oxfordshire,South East
Queen's College,Oxfordshire,South East
Magdalen College School,Oxfordshire,South East
St Cross Building,Oxfordshire,South East
St Antony's College,Oxfordshire,South East
Green Templeton College,Oxfordshire,South East
King's Hall and College of Brasenose,Oxfordshire,South East
Trinity College,Oxfordshire,South East
Cheney Student Village,Oxfordshire,South East
Said Business School,Oxfordshire,South East
Science Area,Oxfordshire,South East
Lincoln College,Oxfordshire,South East
St John's College,Oxfordshire,South East
Blackfriars,Oxfordshire,South East
University Dept of Educational Studies,Oxfordshire,South East
St Cross College,Oxfordshire,South East
Merton College Annexe,Oxfordshire,South East
Keble College,Oxfordshire,South East
Wycliffe Hall,Oxfordshire,South East
Corpus Christi College,Oxfordshire,South East
University of Oxford,Oxfordshire,South East
Foxcombe Hall,Oxfordshire,South East
St Hilda's College,Oxfordshire,South East
Kellogg College,Oxfordshire,South East
All Soul's College,Oxfordshire,South East
Regent's Park College,Oxfordshire,South East
Ruskin College,Oxfordshire,South East
Magdalen College,Oxfordshire,South East
Nuffield College,Oxfordshire,South East
Oriel College,Oxfordshire,South East
Merton College,Oxfordshire,South East
University of Oxford,Oxfordshire,South East
Lady Margaret Hall,Oxfordshire,South East
Faculty of Music,Oxfordshire,South East
Somerville College,Oxfordshire,South East
St Peter's College,Oxfordshire,South East
St Stephen's House,Oxfordshire,South East
Linacre College,Oxfordshire,South East
University Department of Educational Studies,Oxfordshire,South East
Hart Hall,Oxfordshire,South East
Balliol College,Oxfordshire,South East
University of Oxford Magdalen College Waynflete Building,Oxfordshire,South East
Jesus College,Oxfordshire,South East
Worcester College,Oxfordshire,South East
Wolfson College,Oxfordshire,South East
Harris Manchester College,Oxfordshire,South East
St Anne's College,Oxfordshire,South East
St Catherine's College,Oxfordshire,South East
Clive Booth Student Village,Oxfordshire,South East
St Hugh's College,Oxfordshire,South East
The Parker E-ACT Academy,West Northamptonshire,East Midlands
Daventry University Technical College,West Northamptonshire,East Midlands
Oxford Brookes University,Oxfordshire,South East
Verney Park Campus,Buckinghamshire,South East
University of Buckingham,Buckinghamshire,South East
Silverstone UTC,West Northamptonshire,East Midlands
University of Northampton Waterside Campus,West Northamptonshire,East Midlands
Northampton Academy,West Northamptonshire,East Midlands
The University of Northampton,West Northamptonshire,East Midlands
Avenue Campus,West Northamptonshire,East Midlands
St John Fisher Catholic Voluntary Academy,Leicestershire,East Midlands
Buckinghamshire New University,Buckinghamshire,South East
St Pauls Roman Catholic School,Milton Keynes,South East
Bridge Academy Central,Milton Keynes,South East
Milton Keynes Academy,Milton Keynes,South East
Walton High Brooklands Campus,Milton Keynes,South East
Oakgrove School,Milton Keynes,South East
The Open University,Milton Keynes,South East
Sharnbrook Academy,Bedford,Eastern
Stephenson Academy,Milton Keynes,South East
Stantonbury Campus,Milton Keynes,South East
Cranfield University,Central Bedfordshire,Eastern
Wellingborough Campus,North Northamptonshire,East Midlands
Tresham College of Further and Higher Education,North Northamptonshire,East Midlands
Tresham College of Further and Higher Education,North Northamptonshire,East Midlands
Montsaye Academy,North Northamptonshire,East Midlands
Petroc,Devon,South West
Petroc,Devon,South West
Bishopston Comprehensive School,Abertawe - Swansea,Wales
Singleton Park Campus,Abertawe - Swansea,Wales
Swansea Campus,Abertawe - Swansea,Wales
Dynevor Centre for Art Design and Media,Abertawe - Swansea,Wales
Swansea University Bay Campus,Castell-nedd Port Talbot - Neath Port Talbot,Wales
University of Wales Trinity Saint David,Abertawe - Swansea,Wales
The Kingsway Centre,Abertawe - Swansea,Wales
University of Wales Trinity Saint David,Abertawe - Swansea,Wales
University of Wales,Abertawe - Swansea,Wales
University of Wales Trinity Saint David,Abertawe - Swansea,Wales
Tonypandy Community College,Rhondda Cynon Taf - Rhondda Cynon Taf,Wales
Bridgend College,Pen-y-bont ar Ogwr - Bridgend,Wales
Ysgol Maesteg,Pen-y-bont ar Ogwr - Bridgend,Wales
Coleg Cymunedol y Dderwen,Pen-y-bont ar Ogwr - Bridgend,Wales
Roy Jenkins,Caerdydd - Cardiff,Wales
Cardiff Metropolitan University,Caerdydd - Cardiff,Wales
Cardiff University,Caerdydd - Cardiff,Wales
Llandaff Campus,Caerdydd - Cardiff,Wales
University College Cardiff Plas Gwyn,Caerdydd - Cardiff,Wales
Atrium,Caerdydd - Cardiff,Wales
College House,Caerdydd - Cardiff,Wales
University of South Wales,Rhondda Cynon Taf - Rhondda Cynon Taf,Wales
Campws Cymuned Gartholwg Community Campus,Rhondda Cynon Taf - Rhondda Cynon Taf,Wales
Treforest Campus,Rhondda Cynon Taf - Rhondda Cynon Taf,Wales
University of South Wales,Rhondda Cynon Taf - Rhondda Cynon Taf,Wales
Ysgol Uwchradd yr Ysgol Newydd,Caerdydd - Cardiff,Wales
Weston College South West Skills Campus,North Somerset,South West
City Campus Newport,Casnewydd - Newport,Wales
Parth Dysgu Torfaen Learning Zone,Torfaen - Torfaen,Wales
University of Bristol,City of Bristol,South West
University of Bristol,City of Bristol,South West
Bristol Old Vic Theatre School,City of Bristol,South West
British and Irish Modern Music Institute,City of Bristol,South West
University of the West of England,City of Bristol,South West
University of Bristol Dental Hospital,City of Bristol,South West
The University of Law Bristol,City of Bristol,South West
Stoke House,City of Bristol,South West
University of Bristol,City of Bristol,South West
University of Bristol,City of Bristol,South West
University of Bristol,North Somerset,South West
Bath Spa Univerity,Bath and North East Somerset,South West
University of the West of England Glenside Campus,City of Bristol,South West
University of Bath,Bath and North East Somerset,South West
Bath Spa University Art and Design,Bath and North East Somerset,South West
University of the West of England Frenchay Campus,South Gloucestershire,South West
South Gloucestershire and Stroud College,South Gloucestershire,South West
Bath Spa University,Bath and North East Somerset,South West
Bath Spa University,Bath and North East Somerset,South West
Katharine Lady Berkeley's School,Gloucestershire,South West
Marlwood School,South Gloucestershire,South West
Wiltshire College and University Centre,Wiltshire,South West
Bath Spa University,Wiltshire,South West
South Wiltshire University Technical College,Wiltshire,South West
Avon Valley College,Wiltshire,South West
Royal Wootton Bassett Academy,Wiltshire,South West
Oxford Brookes University,Swindon,South West
St Joseph's Roman Catholic College,Swindon,South West
Lydiard Park Academy,Swindon,South West
University Technical College Swindon,Swindon,South West
Faculty of Medicine,City of Southampton,South East
The Defence Academy of the United Kingdom,Oxfordshire,South East
Benham Campus,Hampshire,South East
University of Southampton City Gateway,City of Southampton,South East
University of Southampton,City of Southampton,South East
University of Southampton,City of Southampton,South East
University of Southampton,City of Southampton,South East
Sir James Matthews Building,City of Southampton,South East
Highfield Campus,City of Southampton,South East
Gateley Hall,City of Southampton,South East
University of Southampton,City of Southampton,South East
University of Southampton Mayflower Halls,City of Southampton,South East
National Oceanography Centre,City of Southampton,South East
Southampton Solent University,City of Southampton,South East
Bitterne Park School,City of Southampton,South East
University of Winchester,Hampshire,South East
The University of Winchester,Hampshire,South East
Winchester School of Art,Hampshire,South East
Peter Symonds Adult and Higher Education Centre,Hampshire,South East
Kennet School,West Berkshire,South East
Fitzharrys School,Oxfordshire,South East
U T C Oxfordshire,Oxfordshire,South East
UTC Portsmouth,City of Portsmouth,South East
Langstone Student Village,City of Portsmouth,South East
The Bulmershe School,Wokingham,South East
Whiteknights House,Wokingham,South East
Upperwood Farm,Wokingham,South East
Reading College,Reading,South East
Highdown School and Sixth Form Centre,Reading,South East
University of Reading,Reading,South East
UTC Reading,Reading,South East
Henley Business School University of Reading,Buckinghamshire,South East
Fishbourne Halls,West Sussex,South East
The Regis School,West Sussex,South East
University of Chichester,West Sussex,South East
Jamia Ahmadiyya UK,Surrey,South East
University for the Creative Arts,Surrey,South East
Kings International College for Business and the Arts,Surrey,South East
Braboeuf Manor,Surrey,South East
Guildford College,Surrey,South East
University of Surrey,Surrey,South East
Stag Hill Campus,Surrey,South East
Imperial College,Windsor and Maidenhead,South East
Royal Holloway Institute of Environmental Research,Surrey,South East
The Holt School,Wokingham,South East
St Crispin's School,Wokingham,South East
Royal Holloway University of London,Surrey,South East
National Film and Television School,Buckinghamshire,South East
Gateway,Buckinghamshire,South East
Beaconsfield High School,Buckinghamshire,South East
The E-ACT Burnham Park Academy,Buckinghamshire,South East
Penryn Campus,Cornwall,South West
Cornwall College of Further and Higher Education,Cornwall,South West
Falmouth University,Cornwall,South West
Falmouth Marine School,Cornwall,South West
Cornwall College,Cornwall,South West
Lipson the Co-operative Academy,City of Plymouth,South West
The Roland Levinsky Building,City of Plymouth,South West
Peninsula Dental School,City of Plymouth,South West
UTC Plymouth,City of Plymouth,South West
Torpoint Community College,Cornwall,South West
Plymouth University Marine Station,City of Plymouth,South West
Marine Academy Plymouth,City of Plymouth,South West
University of St Mark and St John,City of Plymouth,South West
Plymouth College of Art,City of Plymouth,South West
Sir John Hunt Community Sports College,City of Plymouth,South West
Peninsula School of Medicine and Dentistry,City of Plymouth,South West
Okehampton College,Devon,South West
Kingsbridge Community College,Devon,South West
Schumacher College,Devon,South West
Atrium Studio,Devon,South West
Teignmouth Community School,Devon,South West
Technical College,Devon,South West
Newton Abbot College,Devon,South West
South Devon College Brunel Centre,Devon,South West
Devon Studio School,Torbay,South West
Duryard Halls of Residence,Devon,South West
Rowancroft,Devon,South West
Exeter Dental Education Facility,Devon,South West
University of Exeter,Devon,South West
University of Exeter,Devon,South West
Thornlea,Devon,South West
Exmouth Community College,Devon,South West
The Sir John Colfox Academy,Dorset,South West
Architectural Association Hooke Park,Dorset,South West
Executive Business Centre,Bournemouth, Christchurch and Poole,South West
St Aldhelm's Academy,Bournemouth, Christchurch and Poole,South West
Enterprise Pavilion,Bournemouth, Christchurch and Poole,South West
Canford School,Bournemouth, Christchurch and Poole,South West
Bournemouth University,Bournemouth, Christchurch and Poole,South West
Bournemouth University,Bournemouth, Christchurch and Poole,South West
Medina College,Isle of Wight,South East
University of Portsmouth Eldon Building,City of Portsmouth,South East
University of Portsmouth,City of Portsmouth,South East
Monckton House Institute of Naval Medicine,Hampshire,South East
Institute of Marine Sciences,City of Portsmouth,South East
Bognor Regis Campus,West Sussex,South East
University of Humberside,City of Kingston upon Hull,Yorkshire and the Humber
Blaydes House,City of Kingston upon Hull,Yorkshire and the Humber
Archbishop Sentamu Academy,City of Kingston upon Hull,Yorkshire and the Humber
Hull School of Art and Design,City of Kingston upon Hull,Yorkshire and the Humber
University of Hull,East Riding of Yorkshire,Yorkshire and the Humber
The University of Hull,City of Kingston upon Hull,Yorkshire and the Humber
The Lawns Centre,East Riding of Yorkshire,Yorkshire and the Humber
Beverley High School,East Riding of Yorkshire,Yorkshire and the Humber
Driffield School and Sixth Form,East Riding of Yorkshire,Yorkshire and the Humber
Longcroft School and Sixth Form College,East Riding of Yorkshire,Yorkshire and the Humber
UTC Building,North Yorkshire,Yorkshire and the Humber
Scarborough TEC,North Yorkshire,Yorkshire and the Humber
Coventry University Scarborough Campus,North Yorkshire,Yorkshire and the Humber
Scarborough Campus,North Yorkshire,Yorkshire and the Humber
York Teaching Hospital,North Yorkshire,Yorkshire and the Humber
Havelock Academy,North East Lincolnshire,Yorkshire and the Humber
Grimsby Institute of Further and Higher Education,North East Lincolnshire,Yorkshire and the Humber
Thomas Deacon Academy,City of Peterborough,Eastern
Arthur Mellows Village College,City of Peterborough,Eastern
Bourne Academy,Lincolnshire,East Midlands
Kesteven and Sleaford High School,Lincolnshire,East Midlands
Minerva House,Lincolnshire,East Midlands
Spalding High School,Lincolnshire,East Midlands
University of Lincoln,Lincolnshire,East Midlands
University Academy Holbeach,Lincolnshire,East Midlands
Louth Academy (Upper),Lincolnshire,East Midlands
University Centre,Norfolk,Eastern
Fakenham Academy,Norfolk,Eastern
University of East Anglia,Norfolk,Eastern
Wymondham High Academy,Norfolk,Eastern
Reepham High School and College,Norfolk,Eastern
The Hewett Academy,Norfolk,Eastern
City College Norwich,Norfolk,Eastern
University Technical College Norfolk,Norfolk,Eastern
Duke Street Centre,Norfolk,Eastern
The Lawns,Norfolk,Eastern
Beaumont School,Hertfordshire,Eastern
Putteridge Bury Campus,Hertfordshire,Eastern
Littlemore House,Luton,Eastern
University of Bedfordshire,Luton,Eastern
Manshead School,Central Bedfordshire,Eastern
UTC Central Bedfordshire,Central Bedfordshire,Eastern
York Street Campus,Luton,Eastern
Hitchin Girls' School,Hertfordshire,Eastern
Polhill Campus,Bedford,Eastern
St Thomas More Catholic Teaching School,Bedford,Eastern
Biddenham International School and Sports College,Bedford,Eastern
Mark Rutherford School,Bedford,Eastern
Bedford Academy,Bedford,Eastern
Kempston Challenger Academy,Bedford,Eastern
Anglia Ruskin University Guild House,City of Peterborough,Eastern
Nene Park Academy,City of Peterborough,Eastern
University of Hertfordshire,Hertfordshire,Eastern
Dame Alice Owen's School,Hertfordshire,Eastern
University of Hertfordshire,Hertfordshire,Eastern
University of Hertfordshire,Hertfordshire,Eastern
Monk's Walk School,Hertfordshire,Eastern
Royal Veterinary College,Hertfordshire,Eastern
University of Hertfordshire Meridian House,Hertfordshire,Eastern
Stratton Upper School and Community College,Central Bedfordshire,Eastern
Madingley Hall,Cambridgeshire,Eastern
Hinchingbrooke School,Cambridgeshire,Eastern
Swavesey Village College,Cambridgeshire,Eastern
St Peter's School,Cambridgeshire,Eastern
St John Fisher Roman Catholic High School,City of Peterborough,Eastern
Sir Charles Kao UTC,Essex,Eastern
Swirles Court,Cambridgeshire,Eastern
University of Cambridge,Cambridgeshire,Eastern
Jesus College,Cambridgeshire,Eastern
Fitzwilliam College,Cambridgeshire,Eastern
Oakes College,Cambridgeshire,Eastern
Lucy Cavendish College,Cambridgeshire,Eastern
University of Cambridge Old Addenbrookes Site,Cambridgeshire,Eastern
Trinity Hall,Cambridgeshire,Eastern
Corpus Christi College,Cambridgeshire,Eastern
Westcott House,Cambridgeshire,Eastern
Ridley Hall,Cambridgeshire,Eastern
Churchill College,Cambridgeshire,Eastern
Clare College Memorial Court,Cambridgeshire,Eastern
University of Cambridge,Cambridgeshire,Eastern
University of Cambridge Downing Site,Cambridgeshire,Eastern
Emmanuel College,Cambridgeshire,Eastern
Harvey Court,Cambridgeshire,Eastern
Gonville and Caius College,Cambridgeshire,Eastern
Darwin College,Cambridgeshire,Eastern
Murray Edwards College,Cambridgeshire,Eastern
Pembroke College,Cambridgeshire,Eastern
Strangeways Research Laboratory,Cambridgeshire,Eastern
Homerton College,Cambridgeshire,Eastern
King's College,Cambridgeshire,Eastern
Cambridge School of Visual and Performing Arts,Cambridgeshire,Eastern
University of Cambridge New Museums Site,Cambridgeshire,Eastern
Anglia Ruskin University,Cambridgeshire,Eastern
Wolfson College,Cambridgeshire,Eastern
Newnham College,Cambridgeshire,Eastern
Sidney Sussex College,Cambridgeshire,Eastern
Cambridge Islamic College,Cambridgeshire,Eastern
Trinity College,Cambridgeshire,Eastern
St Catharine's College,Cambridgeshire,Eastern
Owlstone Croft,Cambridgeshire,Eastern
Clare St Regis,Cambridgeshire,Eastern
Downing College,Cambridgeshire,Eastern
St Edmund's College,Cambridgeshire,Eastern
Anglia Ruskin University,Cambridgeshire,Eastern
Peterhouse,Cambridgeshire,Eastern
Queens' College,Cambridgeshire,Eastern
Selwyn College,Cambridgeshire,Eastern
Magdalene College,Cambridgeshire,Eastern
University of Cambridge,Cambridgeshire,Eastern
University of Cambridge Sidgwick Site,Cambridgeshire,Eastern
Hughes Hall,Cambridgeshire,Eastern
Christ's College,Cambridgeshire,Eastern
St John's College,Cambridgeshire,Eastern
Robinson College,Cambridgeshire,Eastern
University Technical College Cambridge,Cambridgeshire,Eastern
Clare College,Cambridgeshire,Eastern
Clare Hall,Cambridgeshire,Eastern
King's College Garden Hostel,Cambridgeshire,Eastern
St Catharine's College,Cambridgeshire,Eastern
Wychfield,Cambridgeshire,Eastern
School of Veterinary Medicine,Cambridgeshire,Eastern
Wesley House,Cambridgeshire,Eastern
Bishop Bateman Court,Cambridgeshire,Eastern
Pitt Building,Cambridgeshire,Eastern
Girton College,Cambridgeshire,Eastern
College of West Anglia,Cambridgeshire,Eastern
Ely College,Cambridgeshire,Eastern
Lordship Farm Campus,Essex,Eastern
Anglia Ruskin University,Essex,Eastern
Writtle College,Essex,Eastern
Hedingham School and Sixth Form,Essex,Eastern
Helena Romanes School and Sixth Form Centre,Essex,Eastern
Thurstable School Sports College and Sixth Form Centre,Essex,Eastern
Maltings Academy,Essex,Eastern
Colchester Institute,Essex,Eastern
West Suffolk College,Suffolk,Eastern
West Suffolk College,Suffolk,Eastern
Clacton Coastal Academy,Essex,Eastern
Colchester Campus,Essex,Eastern
University of Suffolk,Suffolk,Eastern
Ipswich Academy,Suffolk,Eastern
Attleborough Academy Norfolk,Norfolk,Eastern
Sir John Leman High School,Suffolk,Eastern
Northbrook College Design and Technology,West Sussex,South East
Northbrook College,West Sussex,South East
Middle Mill Kingston University,Greater London,London
River House,Greater London,London
American International University in London,Greater London,London
Kingston University,Greater London,London
Paragon,Greater London,London
St Mary's University Teddington Lock Campus,Greater London,London
Knights Park Centre,Greater London,London
St Mary's University,Greater London,London
Harrow Campus,Greater London,London
University of West London,Greater London,London
Uxbridge College,Greater London,London
Buckinghamshire New University,Greater London,London
Greenford Campus,Greater London,London
Stanmore Sixth Form Centre,Greater London,London
Brunel University,Greater London,London
Capital School of Business and Management,Greater London,London
Queens' School,Hertfordshire,Eastern
Heathrow Aviation Engineering University Technical College,Greater London,London
West Herts College,Hertfordshire,Eastern
University of Brighton,The City of Brighton and Hove,South East
Moulsecoomb Campus,The City of Brighton and Hove,South East
Blatchington Mill School,The City of Brighton and Hove,South East
Sallis Benney Theatre,The City of Brighton and Hove,South East
University of Brighton,The City of Brighton and Hove,South East
University of Brighton,The City of Brighton and Hove,South East
Falmer House,The City of Brighton and Hove,South East
Shoreham Academy,West Sussex,South East
St Wilfrid's Roman Catholic Comprehensive School,West Sussex,South East
University College London,Greater London,London
BPP University,Greater London,London
Goldsmiths University,Greater London,London
Glenthorne High School,Greater London,London
Chelsea College of Art,Greater London,London
Kings College,Greater London,London
Carshalton High School for Girls,Greater London,London
Streatham and Clapham High School,Greater London,London
University of Greenwich,Greater London,London
Prendergast - Hilly Fields College,Greater London,London
Mountview,Greater London,London
Parkstead House,Greater London,London
Sedgehill School,Greater London,London
Sir Simon Milton Westminster University Technical College,Greater London,London
Royal College of Art,Greater London,London
University of Wales Trinity Saint David,Greater London,London
Kingston University,Greater London,London
University of Greenwich,Greater London,London
Walworth Academy,Greater London,London
Concepts University College London,Greater London,London
Kings College London Guy's Campus,Greater London,London
St Thomas's Hospital Medical School,Greater London,London
Roehampton Vale Centre,Greater London,London
City and Guilds of London Art School,Greater London,London
South Kensington Campus,Greater London,London
Docklands Academy,Greater London,London
Royal College of Music,Greater London,London
Richmond the American International University,Greater London,London
Forest Hill School,Greater London,London
London College of Communication,Greater London,London
Spurgeon's College,Greater London,London
University of the Arts London,Greater London,London
Heythrop College,Greater London,London
University for the Creative Arts,Surrey,South East
Wimbledon College,Greater London,London
London Centre of Contemporary Music,Greater London,London
Tedi London,Greater London,London
Inchbald School of Design,Greater London,London
Trinity Laban,Greater London,London
St Martin-in-the-Fields High School,Greater London,London
University of Roehampton,Greater London,London
The Weston Education Centre,Greater London,London
Sacred Heart Catholic School,Greater London,London
Ernest Bevin College,Greater London,London
Royal College of Art,Greater London,London
London Academy of Music and Dramatic Arts,Greater London,London
The Art Academy,Greater London,London
London South Bank University,Greater London,London
London Campus,Greater London,London
Raymont Hall,Greater London,London
University of East Anglia,Greater London,London
University of Westminster,Greater London,London
Royal Free Hospital School of Medicine,Greater London,London
Northampton Square,Greater London,London
Viginia Woolf Building King's College London,Greater London,London
Queen Mary University of London,Greater London,London
London Metropolitan University North Campus,Greater London,London
Institute of Child Health,Greater London,London
City Law School,Greater London,London
University of Westminster,Greater London,London
London Metropolitan University,Greater London,London
University College London,Greater London,London
Sir John Cass Faculty of Art Architecture and Design,Greater London,London
University of East London,Greater London,London
London College of Fashion,Greater London,London
London College of Fashion,Greater London,London
University of London,Greater London,London
Courtauld Institute of Art,Greater London,London
Queen Mary University of London,Greater London,London
Calcutta House,Greater London,London
Westminster Academy,Greater London,London
Middlesex University,Greater London,London
Marylebone Campus,Greater London,London
Lubavitch House School,Greater London,London
La Sainte Union Catholic Secondary School,Greater London,London
St Martins College of Art and Design,Greater London,London
Institute of Archaeology,Greater London,London
Skinners' Academy,Greater London,London
West London College,Greater London,London
University of Cumbria,Greater London,London
University College London,Greater London,London
Bishop Challoner Catholic Collegiate School,Greater London,London
Central Foundation Girls School,Greater London,London
The College of Law,Greater London,London
London School of Economics and Political Science,Greater London,London
Hendon School,Greater London,London
Embassy Theatre,Greater London,London
Kings College London,Greater London,London
The Urswick School,Greater London,London
King's College London,Greater London,London
Charterhouse Square Campus,Greater London,London
Sammy Ofer Centre,Greater London,London
Royal Academy of Dramatic Art,Greater London,London
School of Economic Science,Greater London,London
Mossbourne Community Academy,Greater London,London
School of Oriental and African Studies,Greater London,London
Central Saint Martins College of Art and Design,Greater London,London
Maria Fidelis Catholic School FCJ,Greater London,London
Hammersmith Hospital and Postgraduate Medical School of London,Greater London,London
Loughborough University London,Greater London,London
Imperial College London White City Campus,Greater London,London
Hackney New School,Greater London,London
London School of Hygiene and Tropical Medicine,Greater London,London
Regent's University London,Greater London,London
Coventry University London Campus,Greater London,London
The London College of Fashion,Greater London,London
Birkbeck University of London,Greater London,London
The Royal Veterinary College,Greater London,London
London Business School,Greater London,London
Elstree Screen Arts Academy,Hertfordshire,Eastern
Royal Academy of Dramatic Art,Greater London,London
University of Westminster,Greater London,London
The University of Law London Moorgate,Greater London,London
London Metropolitan University,Greater London,London
London Centre of Contemporary Music,Greater London,London
Central House,Greater London,London
Stoke Newington School and Sixth Form,Greater London,London
Department of Anthropology,Greater London,London
London Nautical School,Greater London,London
London College of Communication,Greater London,London
University of East London,Greater London,London
St Augustine's Church of England High School,Greater London,London
Guildhall School of Music and Drama,Greater London,London
London Business School,Greater London,London
Kings College London Strand Campus,Greater London,London
The City Academy Hackney,Greater London,London
Phoenix High School,Greater London,London
School of Health Sciences,Greater London,London
University of London,Greater London,London
University of Westminster,Greater London,London
The Bartlett,Greater London,London
Social Science,Greater London,London
University College London,Greater London,London
University of Westminster,Greater London,London
Enfield Grammar School,Greater London,London
UTC@harbourside,East Sussex,South East
Trinity School,Kent,South East
Tonbridge Grammar School,Kent,South East
Weald of Kent Grammar School,Kent,South East
Bexley College,Greater London,London
Welling School,Greater London,London
Rose Bruford College,Greater London,London
London South East Colleges Bromley,Greater London,London
University of Greenwich Avery Hill Campus Mansion Site,Greater London,London
University of Greenwich Avery Hill Campus Southwood Site,Greater London,London
Trinity Church of England School,Greater London,London
Wilmington Grammar School for Boys,Kent,South East
Bexley Grammar School,Greater London,London
Bexleyheath Academy,Greater London,London
Wilmington Academy,Kent,South East
Davenant Foundation School,Essex,Eastern
Hatfields,Essex,Eastern
Havering Technical College,Greater London,London
St Edward's Church of England School and Sixth Form College,Greater London,London
Coventry University London,Greater London,London
Caterham High School,Greater London,London
Peniel College of Higher Education,Essex,Eastern
King Solomon High School,Greater London,London
YMCA George Williams College,Greater London,London
University of East London,Greater London,London
London College of Business,Greater London,London
London South Bank University,Greater London,London
Medway Campus,Medway,South East
Medway UTC,Medway,South East
University for the Creative Arts,Medway,South East
Gillingham Building,Medway,South East
Canterbury Christ Church University,Medway,South East
Holcombe Grammar School,Medway,South East
Gable Hall School,Thurrock,Eastern
Sussex Coast College Hastings,East Sussex,South East
University of Brighton,East Sussex,South East
Southend High School for Girls,Southend-on-Sea,Eastern
South Essex College of Further and Higher Education,Southend-on-Sea,Eastern
Chase High School,Southend-on-Sea,Eastern
University of Essex,Southend-on-Sea,Eastern
Hadlow College of Agriculture and Horticulture,Kent,South East
The Canterbury Academy,Kent,South East
University of Kent,Kent,South East
Christ Church College,Kent,South East
University College for the Creative Arts,Kent,South East
Canterbury Christ Church University Broadstairs Campus,Kent,South East
Hartsdown Academy,Kent,South East
University of Brighton,East Sussex,South East
Hillbrow,East Sussex,South East
